Nu,solvent,sN,N,ε,q,MW,eHOMO,eUMO,NBO,MK,Polar,e+HOMO,e+LUMO,%VH,L,B1,B5,EPA,SNu,SInt,SH,μ,η,μ+
Ar01,DCM,1.77,-4.36,8.93,0,92.14,-0.29582,0.02389,-0.223,-0.16,77.138,-0.5217,-0.2674,29.4,5.61,2.11,5.43,-191.12,-6.7,-55.29,-122.52,-0.135965,0.31971,-0.39455
Ar02,DCM,2.08,-3.57,8.93,0,106.17,-0.289,0.02499,-0.222,-0.391,54.6857,-0.5011,-0.25676,33.9,5.75,2.11,5.46,-197.86,-7.09,-53.69,-122.52,-0.132005,0.31399,-0.37893
Ar03,DCM,1.2,-1.18,8.93,0,108.14,-0.27769,0.02255,-0.248,-0.26,81.999,-0.51771,-0.24167,29.5,6.01,2.11,5.88,-203.07,-6.97,-52.93,-122.52,-0.12757,0.30024,-0.37969
Ar04,DCM,1.27,0.13,8.93,0,122.17,-0.2747,0.02273,-0.319,-0.45,95.4633,-0.49408,-0.23112,33.7,6.0,2.11,5.87,-208.04,-7.33,-51.45,-122.52,-0.125985,0.29743,-0.3626
Ar05,DCM,1.09,2.48,8.93,0,138.17,-0.26395,0.0335,-0.292,-0.457,100.0997,-0.47374,-0.2206,32.1,5.95,2.09,5.93,-215.64,-7.51,-49.96,-122.52,-0.115225,0.29745,-0.34717
Ar06,AN,1.1,6.91,37.5,0,131.18,-0.25196,0.0209,-0.303,-0.647,109.4043,-0.453,-0.20112,33.8,4.75,2.15,5.68,-224.16,-11.07,-61.26,-134.02,-0.11553,0.27286,-0.32706
Ar07,AN,1.1,6.08,37.5,0,165.62,-0.26294,0.00826,-0.303,-0.604,123.886,-0.43522,-0.20679,33.8,4.75,2.15,6.95,-219.4,-11.76,-63.89,-134.02,-0.12734,0.2712,-0.321005
Ar08,AN,1.1,7.26,37.5,0,161.2,-0.24805,0.02135,-0.31,-0.598,128.2333,-0.41133,-0.19163,33.9,4.74,2.21,7.57,-227.46,-11.71,-59.84,-134.02,-0.11335,0.2694,-0.30148
Ar09,AN,1.1,4.38,37.5,0,196.05,-0.26879,0.0022,-0.299,-0.536,117.0187,-0.43551,-0.2226,30.4,4.76,2.06,7.25,-212.3,-11.84,-66.49,-134.02,-0.133295,0.27099,-0.329055
Ar10,AN,1.1,6.08,37.5,0,151.59,-0.26815,0.00357,-0.301,-0.493,108.6233,-0.44544,-0.2228,30.4,4.76,2.05,6.95,-212.58,-11.37,-65.97,-134.02,-0.13229,0.27172,-0.33412
Ar11,AN,1.1,2.83,37.5,0,142.16,-0.28165,-0.0133,-0.292,-0.487,113.0747,-0.47035,-0.23694,30.3,4.77,2.05,7.6,-204.61,-13.85,-73.63,-134.02,-0.147475,0.26835,-0.353645
Ar12,AN,1.1,6.0,37.5,0,131.18,-0.25574,0.01829,-0.302,-0.462,108.5283,-0.44592,-0.21301,30.3,4.76,2.05,6.91,-218.89,-10.81,-61.97,-134.02,-0.118725,0.27403,-0.329465
Ar13,AN,1.1,7.22,37.5,0,132.17,-0.23704,0.01919,-0.312,-0.388,105.634,-0.39641,-0.19944,30.4,4.75,2.05,6.82,-224.77,-13.73,-61.35,-134.02,-0.108925,0.25623,-0.297925
Ar14,AN,1.1,6.44,37.5,0,133.15,-0.25385,0.01424,-0.211,-0.45,99.655,-0.43121,-0.21201,30.4,4.76,2.05,6.38,-218.8,-13.07,-64.8,-134.02,-0.119805,0.26809,-0.32161
Ar15,DCM,1.12,6.22,8.93,0,147.18,-0.25202,0.01738,-0.309,-0.435,113.0877,-0.42112,-0.20798,30.4,4.75,2.05,7.57,-220.33,-11.42,-57.32,-122.52,-0.11732,0.2694,-0.31455
Ar16,AN,1.1,3.97,37.5,0,161.16,-0.27116,-0.00715,-0.29,-0.496,115.4407,-0.47111,-0.22654,30.4,4.77,2.06,7.89,-210.8,-13.73,-68.53,-134.02,-0.139155,0.26401,-0.348825
Ar17,DCM,1.23,5.75,8.93,0,131.18,-0.25273,0.01627,-0.303,-0.536,108.0373,-0.45896,-0.20537,30.4,5.27,2.05,5.67,-223.15,-10.66,-56.05,-122.52,-0.11823,0.269,-0.332165
Ar18,DCM,1.1,6.54,8.93,0,145.21,-0.24743,0.02053,-0.304,-0.597,122.1023,-0.44767,-0.19034,33.9,5.27,2.15,5.66,-229.31,-11.16,-54.74,-122.52,-0.11345,0.26796,-0.319005
Ar19,AN,1.1,5.41,37.5,0,147.18,-0.24391,0.02667,-0.29,-0.319,112.5917,-0.4274,-0.21251,32.2,4.77,2.05,6.09,-219.43,-11.36,-60.93,-134.02,-0.10862,0.27058,-0.319955
Ar20,AN,1.0,4.63,37.5,0,67.09,-0.26631,0.06146,-0.079,-0.257,49.159,-0.54375,-0.24202,27.6,4.13,2.01,3.99,-211.74,-8.03,-64.67,-134.02,-0.102425,0.32777,-0.392885
Ar21,AN,0.96,8.01,37.5,0,95.15,-0.24497,0.05904,-0.303,-0.353,75.3343,-0.48119,-0.20522,31.4,5.48,2.01,5.11,-220.11,-8.42,-60.2,-134.02,-0.092965,0.30401,-0.343205
Ar22,AN,0.91,10.67,37.5,0,95.15,-0.25008,0.06075,-0.084,-0.437,75.1093,-0.50517,-0.2105,31.1,4.78,2.02,5.09,-227.93,-8.08,-59.16,-134.02,-0.094665,0.31083,-0.357835
Ar23,DCM,1.03,5.85,8.93,0,81.12,-0.2689,0.06579,-0.072,-0.371,62.236,-0.52233,-0.22804,31.9,4.13,2.01,4.55,-217.71,-7.78,-57.03,-122.52,-0.101555,0.33469,-0.375185
Ar24,AN,1.07,8.69,37.5,0,109.17,-0.24181,0.05812,-0.301,-0.367,87.255,-0.47264,-0.19121,31.6,5.47,2.01,5.12,-225.9,-8.08,-57.08,-134.02,-0.091845,0.29993,-0.331925
Ar25,DCM,1.29,1.33,8.93,0,68.08,-0.28763,0.04573,0.086,-0.033,44.313,-0.58346,-0.27723,26.8,4.14,1.93,3.99,-198.01,-4.15,-59.55,-122.52,-0.12095,0.33336,-0.430345
Ar26,DCM,1.1,2.16,8.93,0,140.26,-0.27967,0.03454,0.097,-0.015,106.136,-0.50669,-0.24389,26.9,6.03,1.98,6.88,-209.63,-4.98,-50.61,-122.52,-0.122565,0.31421,-0.37529
Ar27,DCM,1.11,3.61,8.93,0,82.1,-0.27393,0.05093,0.079,-0.141,57.3633,-0.56533,-0.2561,26.8,4.61,1.92,5.04,-208.79,-4.99,-56.51,-122.52,-0.1115,0.32486,-0.410715
Ar28,AN,0.98,2.9,37.5,0,208.06,-0.27123,0.02005,-0.088,0.012,148.1567,-0.47083,-0.22169,36.9,5.91,3.29,6.96,-215.26,-9.52,-55.03,-134.02,-0.12559,0.29128,-0.34626
Ar29,AN,0.86,6.38,37.5,0,209.05,-0.25263,0.0484,-0.014,-0.209,137.577,-0.4606,-0.20083,42.6,5.93,3.26,5.58,-229.52,-15.26,-58.26,-134.02,-0.102115,0.30103,-0.330715
Ar30,AN,1.26,1.84,37.5,0,237.02,-0.28001,0.01497,-0.047,-0.19,139.7333,-0.48597,-0.23157,42.6,6.09,3.33,6.14,-209.94,-22.62,-75.41,-134.02,-0.13252,0.29498,-0.35877
Ar31,DCM,1.0,7.22,8.93,0,156.26,-0.2575,0.05508,0.049,-0.332,107.363,-0.50113,-0.20678,27.6,5.91,1.98,7.57,-229.88,-5.2,-48.59,-122.52,-0.10121,0.31258,-0.353955
Ar32,DCM,1.1,-1.01,8.93,0,84.14,-0.29499,0.01842,-0.433,-0.244,58.325,-0.53752,-0.27881,29.2,4.26,2.03,4.1,-197.6,-5.02,-56.57,-122.52,-0.138285,0.31341,-0.408165
Ar33,DCM,1.0,-0.8,8.93,0,156.32,-0.28867,0.01216,-0.427,-0.185,120.132,-0.49956,-0.25168,29.1,6.63,2.02,7.14,-206.95,-5.78,-49.67,-122.52,-0.138255,0.30083,-0.37562
Ar34,DCM,0.99,1.35,8.93,0,98.16,-0.28212,0.02157,-0.43,-0.292,71.4673,-0.52423,-0.26273,29.2,5.25,2.02,5.28,-206.13,-5.77,-54.59,-122.52,-0.130275,0.30369,-0.39348
Ar35,AN,1.19,3.06,37.5,0,114.16,-0.2685,0.02415,-0.501,-0.415,75.949,-0.48767,-0.24394,31.3,4.26,2.01,5.55,-215.51,-5.4,-56.77,-134.02,-0.122175,0.29265,-0.365805
Ar36,AN,0.95,11.63,37.5,0,123.2,-0.24553,0.06021,-0.077,-0.392,98.7377,-0.47777,-0.2007,31.2,5.27,2.03,6.5,-231.81,-8.36,-57.63,-134.02,-0.09266,0.30574,-0.339235
Ar37,DCM,1.02,6.66,8.93,0,128.17,-0.24455,-0.05161,-0.264,-0.533,123.2493,-0.46788,-0.23697,31.7,5.02,2.03,6.55,-227.94,-9.96,-53.02,-122.52,-0.14808,0.19294,-0.352425
Ar38,AN,1.1,3.87,37.5,0,118.14,-0.27341,-0.00103,-0.302,-0.432,89.766,-0.47949,-0.22718,30.1,4.73,2.06,5.58,-211.55,-10.91,-65.29,-134.02,-0.13722,0.27238,-0.353335
C18,DMSO,0.71,18.29,46.7,1,136.13,-0.07092,0.14922,-0.251,-0.805,116.4223,-0.31826,-0.02389,35.4,4.49,2.19,6.12,-341.06,-50.8,-8.12,-134.71,0.03915,0.22014,-0.171075
C18,H2O,0.53,12.05,80.1,1,136.13,-0.07092,0.14922,-0.251,-0.805,116.4223,-0.31826,-0.02389,35.4,4.49,2.19,6.12,-341.06,-56.85,-4.93,-135.03,0.03915,0.22014,-0.17107
CA01,DMSO,0.8,15.59,46.7,1,127.08,-0.1037,0.20606,-0.604,-0.994,73.6953,-0.35927,-0.02065,33.0,5.08,2.15,4.79,-330.68,-52.49,-16.77,-134.71,0.05118,0.30976,-0.18996
CA02,DMSO,0.82,14.24,46.7,1,143.14,-0.11597,0.14982,-0.584,-0.724,93.9873,-0.30953,-0.0554,32.9,5.64,2.15,5.44,-323.61,-49.93,-15.99,-134.71,0.016925,0.26579,-0.182465
CA03,DMSO,0.72,17.46,46.7,1,171.19,-0.10135,0.19701,-0.585,-0.989,98.2497,-0.34942,-0.01223,33.5,5.27,2.16,5.27,-333.83,-49.93,-12.97,-134.71,0.04783,0.29836,-0.180825
CA04,DMSO,0.77,16.27,46.7,1,139.17,-0.0835,0.17308,-0.577,-0.963,106.4543,-0.32463,-0.00069,36.6,5.09,2.14,6.09,-341.77,-52.94,-12.07,-134.71,0.04479,0.25658,-0.16266
CA04,H2O,0.63,11.77,80.1,1,139.17,-0.0835,0.17308,-0.577,-0.963,106.4543,-0.32463,-0.00069,36.6,5.09,2.14,6.09,-341.77,-60.21,-9.15,-135.03,0.04479,0.25658,-0.16266
CA05,DMSO,0.86,13.91,46.7,1,143.12,-0.09578,0.18545,-0.693,-1.112,87.534,-0.36403,0.01358,33.4,6.23,2.09,4.51,-336.89,-52.63,-13.58,-134.71,0.044835,0.28123,-0.175225
CA05,H2O,0.66,12.06,80.1,1,143.12,-0.09578,0.18545,-0.693,-1.112,87.534,-0.36403,0.01358,33.4,6.23,2.09,4.51,-336.89,-58.99,-10.76,-135.03,0.044835,0.28123,-0.175225
CA06,DMSO,0.57,27.54,46.7,1,163.2,-0.051,0.17669,-0.543,-1.246,145.9953,-0.30051,0.02112,35.9,4.85,2.35,6.81,-357.6,-51.46,-8.88,-134.71,0.062845,0.22769,-0.139695
CA07,DMSO,0.53,27.62,46.7,1,242.09,-0.06271,0.15791,-0.538,-1.215,172.4063,-0.29368,0.00744,35.8,4.64,2.24,7.71,-351.28,-47.79,-9.87,-134.71,0.0476,0.22062,-0.14312
CA08,DMSO,0.65,23.64,46.7,1,188.21,-0.07799,0.12815,-0.515,-1.176,177.3963,-0.31907,-0.0244,35.8,4.62,2.24,8.05,-341.77,-45.42,-11.41,-134.71,0.02508,0.20614,-0.171735
CA09,DMSO,0.71,20.0,46.7,1,208.19,-0.0873,0.08748,-0.49,-1.092,190.2553,-0.3329,-0.05211,35.8,5.33,2.24,7.69,-337.78,-43.71,-10.93,-134.71,9e-05,0.17478,-0.192505
CA10,DMSO,0.7,23.27,46.7,1,164.18,-0.06836,0.16753,-0.537,-1.35,138.8107,-0.31704,0.00384,35.8,4.55,2.23,6.8,-348.48,-49.91,-10.04,-134.71,0.049585,0.23589,-0.1566
CA11,DMSO,0.5,27.28,46.7,1,184.14,-0.06805,0.15249,-0.574,-1.2,131.3033,-0.33879,-0.01844,32.2,5.24,2.02,7.8,-343.06,-44.9,-8.39,-134.71,0.04222,0.22054,-0.178615
CA12,DMSO,0.54,25.11,46.7,1,141.15,-0.0759,0.13166,-0.555,-1.037,142.623,-0.3348,-0.03914,32.2,4.52,2.02,8.11,-337.24,-45.39,-11.52,-134.71,0.02788,0.20756,-0.18697
CA13,DMSO,0.56,23.35,46.7,1,155.18,-0.07225,0.13059,-0.351,-0.466,157.033,-0.33316,-0.03818,39.8,5.06,2.93,8.12,-338.55,-44.78,-11.02,-134.71,0.02917,0.20284,-0.18567
CA14,DMSO,0.71,20.1,46.7,1,161.14,-0.08778,0.08829,-0.521,-1.058,153.8237,-0.34967,-0.06467,32.2,5.19,2.02,7.72,-332.5,-43.01,-11.04,-134.71,0.000255,0.17607,-0.20717
CA15,DMSO,0.6,19.61,46.7,1,175.17,-0.08367,0.08833,-0.319,-0.329,169.0777,-0.34787,-0.06383,39.8,5.04,2.93,7.79,-333.81,-42.71,-10.54,-134.71,0.00233,0.172,-0.20585
CA16,DMSO,0.58,28.95,46.7,1,130.17,-0.04142,0.17262,-0.397,-0.542,127.951,-0.31578,0.00646,39.8,5.09,2.94,6.1,-356.31,-51.32,-7.9,-134.71,0.0656,0.21404,-0.15466
CA17,DMSO,0.76,18.31,46.7,1,150.16,-0.06887,0.14907,-0.25,-0.818,132.3577,-0.3106,-0.00222,35.4,5.61,2.04,7.29,-347.86,-51.28,-8.42,-134.71,0.0401,0.21794,-0.156409
CA17,H2O,0.5,13.09,80.1,1,150.16,-0.06887,0.14907,-0.25,-0.818,132.3577,-0.3106,-0.00222,35.4,5.61,2.04,7.29,-347.86,-57.35,-4.66,-135.03,0.0401,0.21794,-0.156409
CA19,DMSO,0.73,16.96,46.7,1,161.14,-0.09716,0.10277,-0.249,-0.862,146.5177,-0.33592,-0.04103,35.4,4.49,2.19,8.15,-326.52,-44.18,-11.4,-134.71,0.002805,0.19993,-0.188475
CA19,H2O,0.52,13.23,80.1,1,161.14,-0.09716,0.10277,-0.249,-0.862,146.5177,-0.33592,-0.04103,35.4,4.49,2.19,8.15,-326.52,-47.32,-7.85,-135.03,0.002805,0.19993,-0.188475
CA20,DMSO,0.75,16.29,46.7,1,181.13,-0.10532,0.06823,-0.239,-0.797,157.2087,-0.35101,-0.06595,35.4,5.08,2.19,7.73,-323.35,-42.07,-10.94,-134.71,-0.018545,0.17355,-0.20848
CA20,H2O,0.52,13.58,80.1,1,181.13,-0.10532,0.06823,-0.239,-0.797,157.2087,-0.35101,-0.06595,35.4,5.08,2.19,7.73,-323.35,-44.87,-6.99,-135.03,-0.018545,0.17355,-0.20848
CA21,DMSO,0.67,19.36,46.7,1,65.06,-0.06783,0.22296,-0.769,-1.305,50.7327,-0.42247,0.01953,27.0,3.53,2.0,4.07,-338.0,-52.42,-9.55,-134.71,0.077565,0.29079,-0.20147
CA21,H2O,0.55,19.5,80.1,1,65.06,-0.06783,0.22296,-0.769,-1.305,50.7327,-0.42247,0.01953,27.0,3.53,2.0,4.07,-338.0,-50.93,-7.47,-135.03,0.077565,0.29079,-0.20147
CA22,DMSO,0.42,28.27,46.7,1,189.63,-0.08314,0.12603,-0.943,-0.827,122.2833,-0.33685,-0.02663,38.2,5.04,1.96,7.06,-364.54,-53.83,-11.75,-134.71,0.021445,0.20917,-0.18174
CA23,DMSO,0.69,16.06,46.7,1,217.23,-0.13781,0.10896,-1.215,-0.891,126.3853,-0.3593,-0.04439,37.1,6.95,2.15,4.69,-340.45,-53.9,-17.37,-134.71,-0.014425,0.24677,-0.201845
CA24,DMSO,0.58,19.03,46.7,1,235.22,-0.13721,0.10213,-0.565,-0.543,127.485,-0.36504,-0.05212,40.0,7.18,2.59,4.42,-342.84,-54.41,-16.21,-134.71,-0.01754,0.23934,-0.20858
CC01,DCM,1.97,-3.65,8.93,0,76.52,-0.31032,0.02736,-0.419,-0.534,47.838,-0.60978,-0.29766,26.6,4.21,1.7,4.44,-191.69,-3.96,-58.0,-122.52,-0.14148,0.33768,-0.45372
CC02,DCM,1.1,-2.45,8.93,0,56.11,-0.29898,0.06106,-0.187,-0.128,49.896,-0.60395,-0.29456,32.1,3.59,2.1,4.37,-181.02,-3.56,-61.68,-122.52,-0.11896,0.36004,-0.449255
CC03,DCM,1.09,-2.44,8.93,0,56.11,-0.29838,0.05236,-0.189,-0.175,48.37,-0.61594,-0.29386,29.5,4.5,2.1,4.33,-185.83,-3.68,-61.73,-122.52,-0.12301,0.35074,-0.4549
CC04,DCM,1.05,-1.46,8.93,0,114.26,-0.31138,0.03707,-0.368,-0.543,96.1837,-0.5202,-0.2586,33.7,4.75,1.7,6.17,-197.78,-3.22,-52.84,-122.52,-0.137155,0.34845,-0.3894
CC05,DCM,1.18,-0.49,8.93,0,118.18,-0.26974,-0.00714,-0.152,0.105,107.3483,-0.49624,-0.2733,30.5,6.18,2.06,6.41,-204.0,-6.55,-53.37,-122.52,-0.13844,0.2626,-0.38477
CC06,DCM,1.1,-1.07,8.93,0,118.18,-0.27915,0.0027,-0.155,0.126,103.833,-0.49475,-0.27108,30.1,5.67,2.11,6.73,-203.65,-8.2,-53.56,-122.52,-0.138225,0.28185,-0.382915
CC07,DCM,0.95,0.78,8.93,0,114.15,-0.28171,-0.01046,-0.367,-0.346,92.2553,-0.50034,-0.27811,23.3,5.88,1.71,6.47,-205.83,-7.58,-54.36,-122.52,-0.146085,0.27125,-0.389225
CC08,DCM,0.98,1.11,8.93,0,56.11,-0.30395,0.0544,-0.406,-0.705,49.3357,-0.64546,-0.27319,27.4,3.82,1.7,4.58,-197.56,-3.25,-59.83,-122.52,-0.124775,0.35835,-0.459325
CC09,DCM,1.0,0.25,8.93,0,132.21,-0.29744,0.0196,-0.404,-0.656,112.387,-0.47732,-0.22894,29.1,8.03,1.79,4.79,-207.2,-8.24,-53.33,-122.52,-0.13892,0.31704,-0.35313
CC10,DCM,0.95,-0.57,8.93,0,189.54,-0.31415,0.02574,-0.389,-0.646,103.708,-0.53962,-0.25699,28.0,6.34,1.7,6.02,-202.32,-7.02,-55.47,-122.52,-0.144205,0.33989,-0.398305
CC11,DCM,0.96,4.41,8.93,0,128.29,-0.28105,0.05131,-0.203,-0.028,109.9603,-0.52666,-0.20193,32.3,6.85,2.23,5.48,-215.43,-4.54,-50.9,-122.52,-0.11487,0.33236,-0.364295
CC12,DCM,1.0,0.65,8.93,0,84.16,-0.30287,0.05401,-0.405,-0.601,72.4033,-0.578,-0.25417,27.9,5.5,1.7,5.5,-203.29,-4.0,-56.26,-122.52,-0.12443,0.35688,-0.416085
CC13,DCM,1.06,1.7,8.93,0,118.18,-0.27315,-0.00604,-0.372,-0.401,106.9627,-0.49508,-0.26584,23.3,7.09,1.71,7.36,-211.85,-7.98,-52.54,-122.52,-0.139595,0.26711,-0.3804
CC14,DCM,1.09,0.68,8.93,0,146.23,-0.2725,0.00521,-0.372,-0.475,129.958,-0.46592,-0.25397,30.1,4.68,1.71,8.41,-215.87,-8.32,-50.56,-122.52,-0.133645,0.27771,-0.359945
CC15,DCM,1.07,0.79,8.93,0,112.22,-0.30133,0.05055,-0.4,-0.674,95.7663,-0.53799,-0.2538,28.7,6.13,1.7,6.06,-205.94,-4.93,-55.01,-122.52,-0.12539,0.35188,-0.395895
CC16,DCM,1.07,0.06,8.93,0,98.19,-0.30358,0.05326,-0.411,-0.641,83.541,-0.56125,-0.24826,31.7,5.02,1.7,5.74,-204.17,-4.3,-55.22,-122.52,-0.12516,0.35684,-0.404755
CC17,DCM,1.0,2.6,8.93,0,82.15,-0.2989,0.04946,-0.404,-0.528,68.7487,-0.55683,-0.24353,27.2,4.69,1.7,5.62,-214.58,-5.36,-56.11,-122.52,-0.12472,0.34836,-0.40018
CC18,DCM,1.0,-2.41,8.93,0,42.08,-0.31649,0.05113,-0.401,-0.584,37.055,-0.66681,-0.29783,23.6,4.01,1.7,4.57,-183.45,-2.7,-63.42,-122.52,-0.13268,0.36762,-0.48232
CC19,DCM,1.0,2.35,8.93,0,118.18,-0.28144,-0.0015,-0.376,-0.584,102.9593,-0.48796,-0.26537,29.3,3.97,1.7,7.21,-211.93,-7.77,-53.3,-122.52,-0.14147,0.27994,-0.376665
CC20,DCM,0.65,1.17,8.93,0,70.14,-0.28265,0.05262,-0.192,-0.257,60.885,-0.59822,-0.26584,34.8,4.0,2.08,4.5,-202.96,-3.91,-58.49,-122.52,-0.115015,0.33527,-0.43203
CC21,DCM,1.0,1.0,8.93,0,70.14,-0.30329,0.05168,-0.405,-0.669,60.9423,-0.60664,-0.26276,27.6,5.93,1.7,4.52,-200.85,-3.82,-57.59,-122.52,-0.125805,0.35497,-0.4347
CC22,DCM,1.59,-0.65,8.93,0,190.36,-0.27887,0.00754,-0.342,-0.311,164.3437,-0.47172,-0.2492,36.4,7.22,1.72,7.14,-214.91,-7.84,-47.77,-122.52,-0.135665,0.28641,-0.36046
CC23,DCM,1.4,-1.0,8.93,0,84.16,-0.27638,0.06565,-0.004,0.19,74.1783,-0.57701,-0.25806,42.9,3.86,2.94,4.59,-202.44,-4.43,-56.26,-122.52,-0.105365,0.34203,-0.417535
CC24,DCM,0.9,1.65,8.93,0,68.12,-0.30312,0.04385,-0.413,-0.668,57.441,-0.59796,-0.21504,26.2,4.8,1.71,4.67,-204.98,-4.43,-59.56,-122.52,-0.129635,0.34697,-0.4065
CC25,DCM,0.9,2.82,8.93,0,82.15,-0.29752,0.04355,-0.407,-0.66,67.8697,-0.56836,-0.25977,26.8,4.51,1.7,5.76,-204.55,-4.9,-58.11,-122.52,-0.126985,0.34107,-0.414065
CC26,DCM,1.1,-1.55,8.93,0,68.12,-0.29605,0.05764,-0.192,-0.245,55.2893,-0.58041,-0.2802,32.7,3.86,1.95,4.48,-187.68,-4.62,-61.28,-122.52,-0.119205,0.35369,-0.430305
CC27,DCM,1.17,1.18,8.93,0,82.15,-0.28454,0.06319,-0.201,-0.352,68.1623,-0.56836,-0.25978,35.9,3.95,1.96,4.64,-201.25,-4.95,-58.11,-122.52,-0.110675,0.34773,-0.41407
CC28,DCM,1.15,0.08,8.93,0,97.17,-0.28612,0.05657,-0.197,-0.368,79.608,-0.54698,-0.25568,38.1,4.27,2.04,5.05,-201.24,-5.51,-57.45,-122.52,-0.114775,0.34269,-0.40133
CC29,DCM,1.0,-0.87,8.93,0,54.09,-0.29253,0.00243,-0.364,-0.452,51.4793,-0.59012,-0.30914,22.2,4.67,1.7,5.09,-193.3,-3.61,-58.92,-122.52,-0.14505,0.29496,-0.44963
CC30,DCM,1.0,1.49,8.93,0,68.12,-0.27942,0.0111,-0.378,-0.417,65.7103,-0.55746,-0.28455,22.1,5.64,1.71,6.48,-205.46,-4.68,-56.2,-122.52,-0.13416,0.29052,-0.421005
CC31,DCM,1.1,1.17,8.93,0,82.15,-0.26779,0.01939,-0.159,0.056,80.2917,-0.54046,-0.27829,31.6,3.51,2.09,6.83,-200.48,-5.66,-55.5,-122.52,-0.1242,0.28718,-0.409375
CC32,DCM,1.0,3.09,8.93,0,82.15,-0.27711,0.01262,-0.374,-0.564,76.6517,-0.53784,-0.27072,27.0,4.7,1.7,6.75,-211.61,-5.0,-54.35,-122.52,-0.132245,0.28973,-0.40428
CC33,DCM,1.0,0.66,8.93,0,68.12,-0.28016,0.00835,-0.367,-0.556,64.7003,-0.55654,-0.28937,22.2,4.66,1.7,6.32,-203.62,-4.73,-56.56,-122.52,-0.135905,0.28851,-0.422955
CC34,DCM,1.0,2.6,8.93,0,82.15,-0.27115,0.01228,-0.375,-0.445,78.614,-0.53785,-0.27073,22.2,5.9,1.71,6.47,-212.54,-5.26,-54.35,-122.52,-0.129435,0.28343,-0.40429
CC35,DCM,1.0,1.17,8.93,0,82.15,-0.28736,0.00502,-0.376,-0.546,73.6193,-0.53801,-0.28153,31.2,4.19,1.7,5.73,-203.68,-4.28,-55.2,-122.52,-0.14117,0.29238,-0.40977
CC36,DCM,0.98,1.1,8.93,0,68.12,-0.28901,0.00448,-0.38,-0.354,62.632,-0.55711,-0.29901,23.5,4.75,1.7,5.12,-195.91,-3.99,-57.04,-122.52,-0.142265,0.29349,-0.42806
CC37,DCM,1.06,2.3,8.93,0,66.1,-0.27648,0.01533,-0.183,-0.241,53.533,-0.57828,-0.28995,28.8,4.26,2.04,4.05,-203.13,-5.66,-59.03,-122.52,-0.130575,0.29181,-0.434115
CC38,DCM,1.1,0.67,8.93,0,80.13,-0.26856,0.00727,-0.16,-0.217,65.8233,-0.5479,-0.28831,33.1,3.92,2.05,4.99,-203.78,-5.91,-57.34,-122.52,-0.130645,0.27583,-0.418105
CC39,DCM,1.09,-0.25,8.93,0,94.16,-0.29442,0.04758,-0.2,-0.262,72.8053,-0.57138,-0.173,33.2,4.94,2.0,4.51,-207.39,-5.7,-57.85,-122.52,-0.12342,0.342,-0.37219
CC40,AN,0.88,3.93,37.5,0,106.17,-0.26715,-0.02723,-0.232,-0.378,96.3643,-0.48926,-0.26399,34.8,4.19,2.06,5.72,-219.48,-7.82,-56.26,-134.02,-0.14719,0.23992,-0.376625
CC41,DCM,0.68,-0.04,8.93,0,102.14,-0.29343,-0.00805,-0.213,-0.312,89.1447,-0.50542,-0.27882,20.2,5.38,1.7,6.57,-203.59,-7.79,-52.92,-122.52,-0.15074,0.28538,-0.39212
CX01,DMSO,0.69,14.0,46.7,0,180.27,-0.24665,0.0044,-0.8,-0.617,144.5167,-0.43361,-0.16726,41.8,5.03,2.72,7.36,-252.86,-13.49,-58.57,-134.71,-0.121125,0.25105,-0.300435
CX02,DCM,0.76,12.0,8.93,0,259.16,-0.25269,-0.00614,-0.797,-0.693,169.302,-0.41195,-0.17255,41.9,5.03,2.71,8.79,-249.92,-16.59,-58.59,-122.52,-0.129415,0.24655,-0.29225
CX02,DMSO,0.72,13.8,46.7,0,259.16,-0.25269,-0.00614,-0.797,-0.693,169.302,-0.41195,-0.17255,41.9,5.03,2.71,8.79,-249.92,-14.13,-60.93,-134.71,-0.129415,0.24655,-0.29225
CX03,DMSO,0.65,15.7,46.7,0,223.33,-0.22901,0.01907,-0.809,-0.717,189.2983,-0.35683,-0.14119,41.7,5.02,2.83,9.44,-262.31,-15.67,-55.21,-134.71,-0.10497,0.24808,-0.24901
CX04,DMSO,0.71,14.5,46.7,0,210.29,-0.24217,0.01311,-0.804,-0.79,166.1277,-0.39705,-0.15436,41.8,5.02,2.64,9.55,-256.66,-14.4,-57.13,-134.71,-0.11453,0.25528,-0.275705
CX05,DMSO,0.6,16.23,46.7,0,101.17,-0.25327,0.03633,-0.882,-0.659,76.3053,-0.57094,-0.17592,32.7,4.98,1.94,4.88,-239.69,-13.38,-67.12,-134.71,-0.10847,0.2896,-0.37343
CX06,DMSO,0.61,15.85,46.7,0,148.22,-0.25199,0.04676,-0.862,-0.809,105.3943,-0.51331,-0.13047,36.9,5.03,2.29,6.84,-253.24,-11.27,-57.67,-134.71,-0.102615,0.29875,-0.32189
CX07,DMSO,0.68,21.07,46.7,0,177.27,-0.22519,0.00199,-0.752,-0.701,164.1507,-0.44765,-0.16721,38.4,5.18,2.13,7.9,-255.18,-13.68,-65.01,-134.71,-0.1116,0.22718,-0.30743
CX08,DMSO,0.65,18.42,46.7,0,197.25,-0.23096,-0.02497,-0.744,-0.668,168.3617,-0.46527,-0.17712,38.5,5.8,2.14,7.65,-253.08,-13.78,-64.92,-134.71,-0.127965,0.20599,-0.321195
CX09,DCM,0.83,9.35,8.93,0,118.14,-0.2505,-0.00679,-0.26,-0.806,98.6533,-0.46753,-0.22127,31.2,5.79,1.99,5.98,-220.8,-6.1,-56.5,-122.52,-0.128645,0.24371,-0.3444
CX10,DCM,0.82,8.87,8.93,0,197.04,-0.25514,-0.01442,-0.262,-0.994,122.9997,-0.43975,-0.22257,31.1,5.65,2.0,7.42,-217.77,-7.45,-58.86,-122.52,-0.13478,0.24072,-0.33116
CX11,DCM,0.8,7.66,8.93,0,143.15,-0.27064,-0.0364,-0.267,-0.912,121.1133,-0.47584,-0.2359,31.1,5.6,2.02,7.78,-210.13,-9.04,-65.33,-122.52,-0.15352,0.23424,-0.35587
CX12,DCM,0.83,7.17,8.93,0,152.58,-0.2764,-0.05778,-0.267,-0.873,122.086,-0.48934,-0.23871,31.1,6.14,2.03,7.61,-208.45,-8.36,-65.05,-122.52,-0.16709,0.21862,-0.364025
CX13,DCM,0.91,3.96,8.93,0,82.11,-0.29974,-0.01632,-0.364,-0.873,55.0903,-0.54736,-0.24355,30.6,3.88,1.98,4.59,-205.84,-4.6,-61.42,-122.52,-0.15803,0.28342,-0.39545
CX14,DMSO,0.42,25.94,46.68,0,118.14,-0.23332,-0.03737,-0.311,-0.807,107.7647,-0.53428,-0.22756,36.4,4.36,1.98,6.08,-243.98,-11.24,-65.56,-134.71,-0.135345,0.19595,-0.38092
CX15,DMSO,0.38,27.45,46.68,0,192.26,-0.21958,-0.02432,-0.287,-0.963,174.5197,-0.4318,-0.19387,48.3,5.4,2.06,6.8,-265.19,-9.85,-57.43,-134.71,-0.12195,0.19526,-0.312835
CX16,DMSO,0.37,26.71,46.68,0,165.19,-0.22959,-0.03064,-0.291,-1.033,140.3563,-0.5014,-0.20483,40.8,5.46,2.05,6.83,-256.67,-9.42,-58.16,-134.71,-0.130115,0.19895,-0.353115
CX17,DMSO,0.6,20.24,46.68,0,135.17,-0.23397,-0.03756,-0.278,-0.942,121.161,-0.48551,-0.20619,42.7,4.82,2.19,5.94,-252.37,-10.56,-60.76,-134.71,-0.135765,0.19641,-0.34585
CX18,DMSO,0.58,19.46,46.68,0,197.24,-0.23577,-0.04394,-0.261,-0.921,186.583,-0.42808,-0.19887,46.1,5.42,2.06,7.3,-255.3,-13.42,-59.14,-134.71,-0.139855,0.19183,-0.313475
CX19,DMSO,0.63,17.98,46.68,0,231.68,-0.24339,-0.05292,-0.252,-0.963,203.45,-0.42955,-0.20524,46.1,6.12,2.62,7.38,-251.68,-12.79,-59.92,-134.71,-0.148155,0.19047,-0.317395
CX20,DMSO,0.58,21.61,46.68,0,240.31,-0.2105,-0.01954,-0.295,-1.026,233.6703,-0.41584,-0.15259,45.9,6.29,2.27,8.33,-270.99,-18.29,-54.93,-134.71,-0.11502,0.19096,-0.284215
CX21,DMSO,0.57,20.08,46.68,0,247.3,-0.23112,-0.05812,-0.258,-0.811,257.5057,-0.42279,-0.19368,46.2,5.52,2.02,7.85,-260.41,-15.08,-56.53,-134.71,-0.14462,0.173,-0.308235
CX22,DMSO,0.5,19.38,46.68,0,247.3,-0.23177,-0.06119,-0.263,-0.841,238.585,-0.42332,-0.20579,48.2,7.54,2.45,7.38,-260.63,-14.37,-56.92,-134.71,-0.14648,0.17058,-0.314555
CX23,DMSO,0.47,21.29,46.7,0,92.16,-0.25965,0.05183,-1.126,-1.1,60.9663,-0.58043,-0.13907,30.6,4.64,1.7,4.92,-252.41,-8.37,-65.88,-134.71,-0.10391,0.31148,-0.35975
CX24,DCM,0.89,7.84,8.93,0,98.15,-0.2595,0.0512,-0.227,-0.118,75.0,-0.54966,-0.22757,24.2,5.22,1.7,6.42,-226.57,-6.13,-55.16,-122.52,-0.10415,0.3107,-0.388615
CX25,DCM,0.85,6.98,8.93,0,72.11,-0.27152,0.04629,-0.206,-0.043,55.3193,-0.57011,-0.24005,26.0,3.99,1.7,5.42,-220.56,-4.62,-57.12,-122.52,-0.112615,0.31781,-0.40508
EE01,DCM,1.0,5.21,8.93,0,170.33,-0.27102,0.05317,-0.271,-0.375,128.3623,-0.50656,-0.19455,36.5,6.2,2.04,6.96,-228.49,-6.68,-48.92,-122.52,-0.108925,0.32419,-0.350555
EE02,AN,0.89,6.43,37.5,0,156.3,-0.2694,0.05529,-0.326,-0.457,116.7253,-0.51113,-0.20015,33.8,5.28,1.95,7.23,-228.63,-4.94,-52.91,-134.02,-0.107055,0.32469,-0.35564
EE02,DCM,0.93,6.57,8.93,0,156.3,-0.2694,0.05529,-0.326,-0.457,116.7253,-0.51113,-0.20015,33.8,5.28,1.95,7.23,-228.63,-5.93,-49.77,-122.52,-0.107055,0.32469,-0.35564
EE03,DCM,0.91,5.41,8.93,0,130.26,-0.28604,0.05566,-0.485,-0.727,97.302,-0.51536,-0.20524,25.7,5.73,1.7,7.07,-225.88,-4.32,-50.39,-122.52,-0.11519,0.3417,-0.3603
EE04,DCM,0.87,10.38,8.93,0,232.47,-0.2656,0.04788,-0.344,-0.196,158.8417,-0.49416,-0.15419,43.0,5.88,2.38,7.03,-245.61,-5.47,-44.48,-122.52,-0.10886,0.31348,-0.324175
EE05,DCM,0.86,10.61,8.93,0,186.33,-0.25985,0.0549,-0.392,-0.5,121.5627,-0.4983,-0.16451,35.0,5.13,2.01,7.25,-241.26,-6.31,-47.86,-122.52,-0.102475,0.31475,-0.331405
EE06,AN,0.72,12.34,37.5,0,158.27,-0.25584,0.05639,-0.406,-0.487,110.02,-0.5039,-0.16745,32.2,5.51,1.91,7.31,-243.35,-4.67,-51.4,-134.02,-0.099725,0.31223,-0.335675
EE06,DCM,0.7,12.56,8.93,0,158.27,-0.25584,0.05639,-0.406,-0.487,110.02,-0.5039,-0.16745,32.2,5.51,1.91,7.31,-243.35,-5.38,-48.29,-122.52,-0.099725,0.31223,-0.335675
EE07,DCM,0.96,6.22,8.93,0,192.33,-0.27375,-0.00112,-0.462,-0.635,151.2023,-0.45882,-0.21837,33.2,5.88,1.83,7.37,-232.72,-8.28,-48.25,-122.52,-0.137435,0.27263,-0.338595
EE08,DCM,0.9,4.83,8.93,0,142.27,-0.28431,0.00352,-0.458,-0.743,110.0023,-0.50752,-0.23381,42.8,5.17,1.7,6.84,-226.08,-5.01,-48.52,-122.52,-0.140395,0.28783,-0.370665
EE09,DCM,0.81,8.23,8.93,0,208.33,-0.27439,0.01802,-0.522,-0.69,154.4633,-0.45104,-0.16573,25.0,6.45,1.7,8.21,-240.59,-8.17,-47.64,-122.52,-0.128185,0.29241,-0.308385
EE10,DCM,1.11,-2.94,8.93,0,184.23,-0.3272,0.02316,-0.448,-0.552,96.9553,-0.53129,-0.23837,34.2,5.78,1.7,6.62,-204.29,-3.85,-51.03,-122.52,-0.15202,0.35036,-0.38483
EE11,DCM,0.79,3.78,8.93,0,172.34,-0.2903,0.05061,-0.522,-0.785,131.7917,-0.50811,-0.19319,39.6,5.11,1.7,6.85,-228.95,-5.17,-48.43,-122.52,-0.119845,0.34091,-0.35065
EE12,DCM,0.98,9.0,8.93,0,174.32,-0.26489,0.05068,-0.121,0.305,126.464,-0.5039,-0.16745,32.2,5.3,2.05,7.34,-240.98,-5.15,-46.74,-122.52,-0.107105,0.31557,-0.335675
EE12,AN,0.88,9.11,37.5,0,174.32,-0.26489,0.05068,-0.121,0.305,126.464,-0.5039,-0.16745,32.2,5.3,2.05,7.34,-240.98,-4.23,-49.54,-134.02,-0.107105,0.31557,-0.335675
EE13,DCM,0.91,11.5,8.93,0,172.3,-0.24595,0.0555,-0.188,0.047,122.5543,-0.50215,-0.16381,40.1,5.5,2.73,7.29,-243.63,-5.4,-47.37,-122.52,-0.095225,0.30145,-0.33298
EE14,DCM,1.15,4.46,8.93,0,258.51,-0.26244,0.04743,0.245,0.076,187.38,-0.45032,-0.18962,44.1,6.54,3.66,7.09,-223.8,-7.05,-49.03,-122.52,-0.1075065,0.309873,-0.31997
EE15,DCM,0.9,4.37,8.93,0,70.09,-0.27304,0.06423,-0.326,-0.383,46.917,-0.60111,-0.25019,29.8,4.16,1.91,4.16,-211.9,-4.46,-59.24,-122.52,-0.104405,0.33727,-0.42565
EE16,DCM,0.9,3.92,8.93,0,72.11,-0.28557,0.05861,-0.499,-0.664,54.6857,-0.59887,-0.24169,21.7,5.02,1.7,6.53,-214.53,-4.44,-57.22,-122.52,-0.11348,0.34418,-0.42028
EE17,DCM,1.0,3.94,8.93,0,144.29,-0.26646,0.05379,-0.078,0.349,112.9943,-0.51842,-0.20896,36.4,6.4,2.89,6.99,-218.74,-5.03,-49.73,-122.52,-0.106335,0.32025,-0.36369
EE18,DCM,1.0,4.23,8.93,0,100.16,-0.26564,0.06867,-0.077,0.278,80.0407,-0.57196,-0.22743,36.3,5.96,2.88,5.56,-214.68,-5.22,-54.86,-122.52,-0.098485,0.33431,-0.399695
EE19,AN,0.82,7.32,37.5,0,204.34,-0.26499,0.00774,-0.256,-0.298,159.08,-0.45332,-0.21168,43.9,5.85,2.23,6.83,-235.13,-8.55,-50.38,-134.02,-0.128625,0.27273,-0.3325
En01,DCM,0.81,13.36,8.93,0,165.28,-0.24636,0.06322,-0.283,-0.275,132.6877,-0.50373,-0.17114,39.9,4.93,2.14,6.64,-247.18,-9.09,-52.47,-122.52,-0.09157,0.30958,-0.337435
En02,DCM,0.83,11.4,8.93,0,167.25,-0.25303,0.05957,-0.28,-0.261,124.354,-0.47974,-0.17991,40.1,4.66,2.05,6.66,-241.42,-9.57,-55.22,-122.52,-0.09673,0.3126,-0.329825
En03,DCM,0.86,14.91,8.93,0,151.25,-0.23038,0.05539,-0.311,-0.34,121.3747,-0.51227,-0.17003,39.7,4.74,2.07,6.75,-252.24,-8.7,-54.37,-122.52,-0.087495,0.28577,-0.34115
En04,DCM,0.8,12.51,8.93,0,180.3,-0.24827,0.06243,-0.282,-0.258,142.7403,-0.4193,-0.17233,40.0,5.25,2.06,7.77,-245.46,-10.54,-53.5,-122.52,-0.09292,0.3107,-0.295815
En05,DCM,0.82,14.02,8.93,0,151.25,-0.24365,0.06126,-0.298,-0.363,121.336,-0.51153,-0.17037,37.3,4.94,2.08,6.96,-251.69,-8.72,-52.72,-122.52,-0.091195,0.30491,-0.34095
En06,DCM,0.82,13.41,8.93,0,153.23,-0.25033,0.06151,-0.294,-0.353,113.008,-0.48279,-0.1791,37.4,5.04,1.97,6.46,-246.12,-9.17,-55.4,-122.52,-0.09441,0.31184,-0.330945
En07,DCM,0.86,15.91,8.93,0,149.24,-0.22966,0.05798,-0.327,-0.448,110.0343,-0.52874,-0.17254,37.6,4.31,1.97,6.86,-252.18,-8.33,-52.89,-122.52,-0.08584,0.28764,-0.35064
En08,DCM,0.8,12.03,8.93,0,182.27,-0.25467,0.06154,-0.291,-0.293,134.408,-0.41899,-0.17911,39.2,4.66,2.04,6.66,-242.11,-11.11,-56.0,-122.52,-0.096565,0.31621,-0.299
En09,DCM,0.8,12.06,8.93,0,127.19,-0.2541,0.06412,-0.285,-0.026,95.3263,-0.49327,-0.19803,35.3,4.4,2.07,6.68,-237.46,-7.99,-57.0,-122.52,-0.09499,0.31822,-0.34565
En10,DCM,0.87,10.76,8.93,0,189.26,-0.24286,0.0076,-0.318,-0.335,159.295,-0.42478,-0.19322,39.8,5.16,2.17,6.7,-234.55,-13.29,-59.38,-122.52,-0.11763,0.25046,-0.309
En10,AN,0.83,11.66,37.5,0,189.26,-0.24286,0.0076,-0.318,-0.335,159.295,-0.42478,-0.19322,39.8,5.16,2.17,6.7,-234.55,-12.59,-63.29,-134.02,-0.11763,0.25046,-0.309
En11,AN,0.73,13.84,37.5,0,187.29,-0.23626,0.01217,-0.326,-0.373,168.5427,-0.42093,-0.18449,39.2,5.32,2.21,6.83,-239.81,-11.66,-59.81,-134.02,-0.112045,0.24843,-0.30271
En12,DCM,0.93,12.26,8.93,0,173.26,-0.22278,0.01579,-0.352,-0.511,159.4293,-0.42808,-0.18367,34.8,5.38,2.06,6.91,-240.04,-12.93,-56.35,-122.52,-0.103495,0.23857,-0.305875
En12,AN,0.76,13.87,37.5,0,173.26,-0.22278,0.01579,-0.352,-0.511,159.4293,-0.42808,-0.18367,34.8,5.38,2.06,6.91,-240.04,-11.91,-59.46,-134.02,-0.103495,0.23857,-0.305875
En13,AN,0.83,8.78,37.5,0,265.36,-0.2465,-0.00835,-0.286,-0.368,220.0633,-0.41405,-0.17881,43.5,7.14,2.12,6.86,-239.72,-14.32,-60.23,-134.02,-0.127425,0.23815,-0.29643
En14,AN,0.86,9.94,37.5,0,263.38,-0.24096,-0.00472,-0.29,-0.334,229.2227,-0.4096,-0.1711,43.5,6.9,2.13,6.98,-244.46,-13.44,-57.44,-134.02,-0.12284,0.23624,-0.29035
En15,AN,0.82,11.66,37.5,0,249.36,-0.2287,0.0,-0.321,-0.481,218.3627,-0.40935,-0.17844,44.5,6.02,2.06,6.83,-246.7,-13.85,-57.8,-134.02,-0.11435,0.2287,-0.293895
En16,AN,0.84,11.99,37.5,0,179.38,-0.22127,0.00385,-0.309,-0.376,239.318,-0.37575,-0.1712,44.1,7.16,2.12,8.41,-248.65,-14.54,-57.04,-134.02,-0.10871,0.22512,-0.273475
En17,AN,0.84,10.63,37.5,0,274.37,-0.24128,-0.02483,-0.344,-0.481,246.1423,-0.42727,-0.18837,44.1,6.74,2.39,8.09,-240.54,-16.66,-64.18,-134.02,-0.133055,0.21645,-0.30782
En18,AN,0.82,10.42,37.5,0,294.35,-0.24436,-0.04378,-0.348,-0.453,248.6847,-0.44438,-0.18961,44.1,6.73,2.38,7.73,-239.51,-15.98,-63.55,-134.02,-0.14407,0.20058,-0.316995
En19,AN,0.8,11.6,37.5,0,187.29,-0.25945,0.00739,-0.48,-0.518,155.266,-0.44648,-0.18257,30.9,5.36,1.7,6.93,-247.64,-9.12,-54.72,-134.02,-0.12603,0.26684,-0.314525
En20,AN,0.8,10.3,37.5,0,189.26,-0.26607,0.00294,-0.476,-0.489,146.891,-0.45042,-0.1913,30.9,5.61,1.7,6.83,-242.81,-10.0,-57.97,-134.02,-0.131565,0.26901,-0.32086
En20,DCM,0.79,9.96,8.93,0,189.26,-0.26607,0.00294,-0.476,-0.489,146.891,-0.45042,-0.1913,30.9,5.61,1.7,6.83,-242.81,-10.92,-54.68,-122.52,-0.131565,0.26901,-0.32086
En21,AN,0.66,14.09,37.5,0,199.3,-0.24055,0.00793,-0.262,-0.305,164.23,-0.43624,-0.1876,38.5,5.8,2.11,6.8,-252.14,-10.46,-54.54,-134.02,-0.11631,0.24848,-0.31192
En22,AN,0.93,15.27,37.5,0,185.27,-0.23566,0.01569,-0.285,-0.261,152.9053,-0.44109,-0.18916,36.6,6.18,2.07,6.89,-253.7,-10.69,-54.55,-134.02,-0.109985,0.25135,-0.315125
En23,DCM,0.82,10.04,8.93,0,141.21,-0.2608,0.05296,-0.02,0.342,106.889,-0.49062,-0.19087,43.6,4.32,2.9,6.8,-240.07,-7.94,-55.96,-122.52,-0.10392,0.31376,-0.340745
En24,DCM,0.8,12.26,8.93,0,127.19,-0.24936,0.06089,-0.293,-0.073,54.6857,-0.49247,-0.19573,36.8,5.26,2.07,6.9,-241.63,-8.09,-56.89,-122.52,-0.094235,0.31025,-0.3441
En25,AN,0.87,7.06,37.5,0,125.17,-0.2662,0.04269,-0.238,-0.384,90.914,-0.53165,-0.22208,34.4,4.08,1.97,6.92,-224.56,-10.14,-62.6,-134.02,-0.111755,0.30889,-0.376865
En26,AN,0.79,5.64,37.5,0,139.2,-0.26924,0.0368,-0.233,-0.321,102.46,-0.51972,-0.21656,37.2,5.81,2.06,5.88,-224.07,-11.35,-61.4,-134.02,-0.11622,0.30604,-0.36814
En27,AN,0.87,4.91,37.5,0,187.24,-0.26278,-0.00508,-0.179,-0.218,146.586,-0.45638,-0.22837,41.9,5.18,2.06,6.47,-229.5,-13.89,-58.93,-134.02,-0.13393,0.2577,-0.342375
En28,AN,0.98,4.61,37.5,0,141.21,-0.28211,0.03315,-0.449,-0.643,105.7877,-0.52465,-0.21627,35.6,5.59,1.7,6.07,-227.71,-10.48,-59.69,-134.02,-0.12448,0.31526,-0.37046
En29,AN,1.0,5.44,37.5,0,223.28,-0.2778,-0.01958,-0.416,-0.547,181.7613,-0.44051,-0.22411,32.9,5.29,1.7,9.38,-230.22,-15.2,-58.15,-134.02,-0.14869,0.25822,-0.33231
En30,AN,0.97,5.73,37.5,0,161.2,-0.27781,-0.00466,-0.422,-0.565,124.9897,-0.47079,-0.23244,32.9,6.24,1.7,6.14,-227.34,-12.46,-59.92,-134.02,-0.141235,0.27315,-0.351615
En31,AN,1.0,5.6,37.5,0,195.65,-0.28209,-0.01426,-0.416,-0.576,140.5403,-0.4536,-0.23553,32.9,6.93,1.7,7.22,-225.17,-13.1,-61.51,-134.02,-0.148175,0.26783,-0.344565
En32,AN,0.91,6.57,37.5,0,175.23,-0.2738,-0.00199,-0.422,-0.614,140.0037,-0.45608,-0.22689,32.9,10.0,1.7,7.36,-230.4,-12.86,-58.49,-134.02,-0.137895,0.27181,-0.341485
N01,DCM,0.67,12.9,8.93,0,79.1,-0.32181,0.00228,-0.414,-0.618,58.95,-0.53449,-0.22482,26.6,5.8,1.77,3.15,-228.63,-6.95,-58.78,-122.52,-0.159765,0.32409,-0.379655
N01,H2O,0.73,11.05,80.1,0,79.1,-0.32181,0.00228,-0.414,-0.618,58.95,-0.53449,-0.22482,26.6,5.8,1.77,3.15,-228.63,-4.57,-59.69,-135.03,-0.159765,0.32409,-0.379655
N02,DCM,0.67,11.7,8.93,0,113.54,-0.33572,-0.00944,-0.415,-0.662,72.002,-0.52115,-0.2276,26.6,7.19,1.77,3.15,-225.27,-7.13,-58.97,-122.52,-0.17258,0.32628,-0.374375
N02,H2O,0.73,10.5,80.1,0,113.54,-0.33572,-0.00944,-0.415,-0.662,72.002,-0.52115,-0.2276,26.6,7.19,1.77,3.15,-225.27,-4.13,-59.66,-135.03,-0.17258,0.32628,-0.374375
N03,DCM,0.67,13.7,8.93,0,109.13,-0.30971,0.01455,-0.441,-0.665,76.659,-0.49849,-0.19422,26.6,8.05,1.9,3.17,-236.26,-7.85,-55.1,-122.52,-0.14758,0.32426,-0.346355
N03,H2O,0.68,11.44,80.1,0,109.13,-0.30971,0.01455,-0.441,-0.665,76.659,-0.49849,-0.19422,26.6,8.05,1.9,3.17,-236.26,-5.65,-55.45,-135.03,-0.14758,0.32426,-0.346355
N04,DCM,0.66,15.8,8.93,0,122.17,-0.2643,0.02622,-0.459,-0.754,95.487,-0.44126,-0.16954,26.6,8.08,2.06,3.22,-246.86,-10.13,-52.82,-122.52,-0.11904,0.29052,-0.3054
N04,DMF,0.67,14.9,36.7,0,122.17,-0.2643,0.02622,-0.459,-0.754,95.487,-0.44126,-0.16954,26.6,8.08,2.06,3.22,-246.86,-8.99,-55.42,-134.08,-0.11904,0.29052,-0.3054
N04,DMSO,0.67,14.8,46.7,0,122.17,-0.2643,0.02622,-0.459,-0.754,95.487,-0.44126,-0.16954,26.6,8.08,2.06,3.22,-246.86,-7.89,-54.55,-134.71,-0.11904,0.29052,-0.3054
N04,H2O,0.56,13.19,80.1,0,122.17,-0.2643,0.02622,-0.459,-0.754,95.487,-0.44126,-0.16954,26.6,8.08,2.06,3.22,-246.86,-7.02,-51.73,-135.03,-0.11904,0.29052,-0.3054
N04,AN,0.62,15.51,37.5,0,122.17,-0.2643,0.02622,-0.459,-0.754,95.487,-0.44126,-0.16954,26.6,8.08,2.06,3.22,-246.86,-9.92,-56.22,-134.02,-0.11904,0.29052,-0.3054
N04,THF,0.66,15.9,7.58,0,122.17,-0.2643,0.02622,-0.459,-0.754,95.487,-0.44126,-0.16954,26.6,8.08,2.06,3.22,-246.86,-8.55,-50.34,-119.28,-0.11904,0.29052,-0.3054
N05,DCM,0.67,15.9,8.93,0,148.21,-0.26003,0.02789,-0.462,-0.74,116.3893,-0.43301,-0.1627,26.6,9.27,2.43,3.23,-249.35,-10.63,-52.62,-122.52,-0.11607,0.28792,-0.297855
N06,AN,0.76,7.69,37.5,0,119.13,-0.30093,-0.01662,-0.216,-0.394,83.8313,-0.48297,-0.21399,26.3,6.3,1.58,5.27,-224.73,-10.71,-61.61,-134.02,-0.158775,0.28431,-0.34848
N07,AN,0.76,7.77,37.5,0,133.15,-0.29319,-0.01436,-0.222,-0.405,97.45,-0.47322,-0.20315,26.3,6.3,1.96,5.26,-229.74,-10.08,-57.6,-134.02,-0.153775,0.27883,-0.33818
N08,AN,0.82,10.73,37.5,0,132.17,-0.2784,0.00881,-0.45,-0.62,101.8017,-0.45555,-0.17258,28.2,6.26,1.98,5.39,-237.96,-13.7,-61.89,-134.02,-0.134795,0.28721,-0.314065
N09,DMSO,0.79,11.58,46.7,0,68.08,-0.28862,0.05369,-0.455,-0.478,44.211,-0.51688,-0.17032,25.4,5.02,1.77,3.12,-232.16,-11.25,-67.07,-134.71,-0.117465,0.34231,-0.3436
N09,AN,0.79,11.47,37.5,0,68.08,-0.28862,0.05369,-0.455,-0.478,44.211,-0.51688,-0.17032,25.4,5.02,1.77,3.12,-232.16,-12.17,-67.57,-134.02,-0.117465,0.34231,-0.3436
N09,H2O,0.57,9.63,80.1,0,68.08,-0.28862,0.05369,-0.455,-0.478,44.211,-0.51688,-0.17032,25.4,5.02,1.77,3.12,-232.16,-9.5,-63.12,-135.03,-0.117465,0.34231,-0.3436
N10,AN,0.73,11.9,37.5,0,82.11,-0.28366,0.05633,-0.459,-0.521,56.854,-0.5045,-0.15754,25.4,5.96,1.91,3.8,-236.78,-11.55,-63.34,-134.02,-0.113665,0.33999,-0.33102
N10,H2O,0.55,9.91,80.1,0,82.11,-0.28366,0.05633,-0.459,-0.521,56.854,-0.5045,-0.15754,25.4,5.96,1.91,3.8,-236.78,-7.79,-57.87,-135.03,-0.113665,0.33999,-0.33102
N11,AN,0.67,11.31,37.5,0,144.18,-0.28631,-0.00192,-0.449,-0.506,111.8063,-0.45005,-0.159,25.4,8.36,2.05,5.77,-237.45,-13.62,-61.96,-134.02,-0.144115,0.28439,-0.304525
N12,AN,0.79,11.43,37.5,0,140.26,-0.28157,0.04259,-0.458,-0.535,102.5283,-0.48501,-0.14063,25.3,7.5,2.38,5.45,-242.36,-10.82,-57.17,-134.02,-0.11949,0.32416,-0.31282
N13,AN,0.84,11.51,37.5,0,96.13,-0.26556,0.05384,-0.469,-0.676,69.6637,-0.47268,-0.14273,33.4,5.01,2.05,4.36,-240.92,-11.14,-61.24,-134.02,-0.10586,0.3194,-0.307705
N14,DCM,0.75,10.03,8.93,0,126.16,-0.29638,0.02769,-0.439,-0.617,84.634,-0.50166,-0.17763,30.8,7.32,2.13,4.49,-237.46,-11.46,-58.56,-122.52,-0.134345,0.32407,-0.339645
N15,DCM,0.77,12.92,8.93,0,84.12,-0.28057,0.05461,-0.471,-0.643,59.2903,-0.4993,-0.15154,30.6,5.01,1.97,4.37,-245.33,-9.5,-57.0,-122.52,-0.11298,0.33518,-0.32542
N16,DCM,0.77,9.81,8.93,0,85.11,-0.30978,0.06589,-0.477,-0.695,54.613,-0.54687,-0.17372,30.2,5.0,2.06,4.28,-231.99,-6.48,-56.94,-122.52,-0.121945,0.37567,-0.360295
N17,DCM,0.69,13.12,8.93,0,83.13,-0.31789,0.05182,-0.401,-0.643,63.1743,-0.55643,-0.19263,31.1,5.14,2.25,4.29,-236.82,-7.02,-56.97,-122.52,-0.133035,0.36971,-0.37453
N18,DCM,0.71,10.2,8.93,0,101.17,-0.28406,0.03809,-0.426,-0.5,69.6597,-0.4946,-0.19814,31.5,5.11,2.22,4.36,-231.69,-7.1,-56.04,-122.52,-0.122985,0.32215,-0.34637
N19,DCM,0.87,12.46,8.93,0,113.16,-0.27471,0.06265,-0.78,-0.888,80.5207,-0.46203,-0.10744,29.1,6.07,1.88,5.41,-251.84,-12.71,-56.16,-122.52,-0.10603,0.33736,-0.284735
N20,DCM,0.73,16.15,8.93,0,125.18,-0.26388,0.06147,-0.549,-0.811,87.4243,-0.46776,-0.10181,30.9,5.84,2.29,5.44,-255.82,-13.92,-56.2,-122.52,-0.101205,0.32535,-0.284785
N21,DCM,0.77,13.58,8.93,0,115.18,-0.28118,0.05741,-0.76,-0.849,84.283,-0.46618,-0.11673,31.1,5.96,1.72,5.44,-254.08,-10.31,-54.19,-122.52,-0.111885,0.33859,-0.291455
N22,AN,0.68,12.64,37.5,0,93.13,-0.25952,0.02702,-0.791,-0.78,74.522,-0.47704,-0.1504,25.0,3.92,1.69,5.95,-216.17,-8.94,-72.08,-134.02,-0.11625,0.28654,-0.31372
N22,H2O,0.73,12.99,80.1,0,93.13,-0.25952,0.02702,-0.791,-0.78,74.522,-0.47704,-0.1504,25.0,3.92,1.69,5.95,-216.17,-5.39,-68.37,-135.03,-0.11625,0.28654,-0.31372
N23,AN,0.6,12.92,37.5,0,127.57,-0.26193,0.01257,-0.789,-0.75,88.157,-0.4548,-0.15716,25.0,4.93,1.69,7.3,-212.38,-9.7,-75.01,-134.02,-0.12468,0.2745,-0.30598
N24,AN,0.69,13.19,37.5,0,107.16,-0.25194,0.02664,-0.792,-0.756,88.189,-0.45798,-0.14569,25.0,5.34,1.69,7.19,-218.98,-9.05,-70.58,-134.02,-0.11265,0.27858,-0.301835
N24,H2O,0.79,13.0,80.1,0,107.16,-0.25194,0.02664,-0.792,-0.756,88.189,-0.45798,-0.14569,25.0,5.34,1.69,7.19,-218.98,-4.9,-66.24,-135.03,-0.11265,0.27858,-0.301835
N25,AN,0.73,13.42,37.5,0,123.16,-0.24244,0.02382,-0.795,-0.746,92.7267,-0.42936,-0.1438,25.0,5.95,1.7,7.92,-221.14,-9.64,-70.3,-134.02,-0.10931,0.26626,-0.28658
N25,H2O,0.68,14.28,80.1,0,123.16,-0.24244,0.02382,-0.795,-0.746,92.7267,-0.42936,-0.1438,25.0,5.95,1.7,7.92,-221.14,-6.3,-66.31,-135.03,-0.10931,0.26626,-0.28658
N26,DMSO,0.64,15.7,46.7,0,59.11,-0.30215,0.06502,-0.82,-0.991,46.161,-0.56534,-0.15871,21.5,5.95,1.69,4.6,-225.94,-3.87,-71.37,-134.71,-0.118565,0.36717,-0.362025
N26,AN,0.63,15.11,37.5,0,59.11,-0.30215,0.06502,-0.82,-0.991,46.161,-0.56534,-0.15871,21.5,5.95,1.69,4.6,-225.94,-5.07,-72.04,-134.02,-0.118565,0.36717,-0.362025
N26,H2O,0.56,13.33,80.1,0,59.11,-0.30215,0.06502,-0.82,-0.991,46.161,-0.56534,-0.15871,21.5,5.95,1.69,4.6,-225.94,-3.85,-69.76,-135.03,-0.118565,0.36717,-0.362025
N27,DMSO,0.65,12.15,46.7,0,99.06,-0.33876,0.05806,-0.815,-0.841,34.0723,-0.6571,-0.17547,23.0,5.12,1.69,3.93,-206.45,-4.09,-78.84,-134.71,-0.14035,0.39682,-0.416285
N27,AN,0.75,10.13,37.5,0,99.06,-0.33876,0.05806,-0.815,-0.841,34.0723,-0.6571,-0.17547,23.0,5.12,1.69,3.93,-206.45,-5.14,-79.28,-134.02,-0.14035,0.39682,-0.416285
N28,AN,0.72,12.35,37.5,0,73.14,-0.30515,0.05242,-0.831,-1.042,58.1957,-0.58396,-0.14843,31.5,4.69,1.68,4.55,-229.77,-4.98,-68.67,-134.02,-0.126365,0.35757,-0.366195
N28,H2O,0.65,10.48,80.1,0,73.14,-0.30515,0.05242,-0.831,-1.042,58.1957,-0.58396,-0.14843,31.5,4.69,1.68,4.55,-229.77,-2.83,-65.93,-135.03,-0.126365,0.35757,-0.366195
N29,DMSO,0.65,15.28,46.7,0,107.16,-0.29293,0.02526,-0.828,-0.881,85.342,-0.45221,-0.15386,22.1,7.94,1.69,3.52,-227.3,-6.22,-70.44,-134.71,-0.133835,0.31819,-0.303035
N29,AN,0.67,14.29,37.5,0,107.16,-0.29293,0.02526,-0.828,-0.881,85.342,-0.45221,-0.15386,22.1,7.94,1.69,3.52,-227.3,-8.2,-71.92,-134.02,-0.133835,0.31819,-0.303035
N29,H2O,0.55,13.44,80.1,0,107.16,-0.29293,0.02526,-0.828,-0.881,85.342,-0.45221,-0.15386,22.1,7.94,1.69,3.52,-227.3,-4.6,-67.99,-135.03,-0.133835,0.31819,-0.303035
N30,H2O,0.53,14.68,80.1,0,73.14,-0.27635,0.06819,-0.62,-0.752,59.0943,-0.59572,-0.13687,38.2,3.77,2.29,4.58,-234.01,-2.73,-62.39,-135.03,-0.10408,0.34454,-0.366295
N31,AN,0.61,18.52,37.5,0,71.12,-0.28785,0.06413,-0.622,-0.651,52.8503,-0.57939,-0.14341,30.4,4.76,1.99,4.0,-233.78,-4.96,-66.92,-134.02,-0.11186,0.35198,-0.3614
N31,H2O,0.49,17.21,80.1,0,71.12,-0.28785,0.06413,-0.622,-0.651,52.8503,-0.57939,-0.14341,30.4,4.76,1.99,4.0,-233.78,-4.17,-64.13,-135.03,-0.11186,0.35198,-0.3614
N32,DCM,0.52,20.6,8.93,0,85.15,-0.2778,0.06663,-0.428,-0.192,65.831,-0.56245,-0.13129,42.0,3.75,2.83,4.33,-236.85,-5.3,-58.56,-122.52,-0.105585,0.34443,-0.34687
N32,AN,0.52,20.59,37.5,0,85.15,-0.2778,0.06663,-0.428,-0.192,65.831,-0.56245,-0.13129,42.0,3.75,2.83,4.33,-236.85,-4.56,-63.0,-134.02,-0.105585,0.34443,-0.34687
N33,DMSO,0.71,17.19,46.7,0,85.15,-0.27739,0.06533,-0.614,-0.737,64.7973,-0.556,-0.13605,30.4,5.87,2.07,3.61,-234.7,-3.97,-65.25,-134.71,-0.10603,0.34272,-0.346025
N33,AN,0.68,17.35,37.5,0,85.15,-0.27739,0.06533,-0.614,-0.737,64.7973,-0.556,-0.13605,30.4,5.87,2.07,3.61,-234.7,-5.34,-66.06,-134.02,-0.10603,0.34272,-0.346025
N33,H2O,0.44,18.13,80.1,0,85.15,-0.27739,0.06533,-0.614,-0.737,64.7973,-0.556,-0.13605,30.4,5.87,2.07,3.61,-234.7,-3.68,-62.65,-135.03,-0.10603,0.34272,-0.34602
N34,DCM,0.52,18.9,8.93,0,99.18,-0.27685,0.0684,-0.436,-0.269,77.601,-0.54895,-0.12018,45.2,3.74,2.91,5.07,-238.57,-5.83,-57.88,-122.52,-0.104225,0.34525,-0.334565
N34,AN,0.52,18.72,37.5,0,99.18,-0.27685,0.0684,-0.436,-0.269,77.601,-0.54895,-0.12018,45.2,3.74,2.91,5.07,-238.57,-5.01,-62.16,-134.02,-0.104225,0.34525,-0.334565
N35,DMSO,0.67,16.96,46.7,0,87.12,-0.27896,0.0658,-0.609,-0.671,56.9827,-0.51408,-0.14485,30.4,4.65,2.04,3.56,-227.72,-5.32,-70.31,-134.71,-0.10658,0.34476,-0.329465
N35,AN,0.74,15.65,37.5,0,87.12,-0.27896,0.0658,-0.609,-0.671,56.9827,-0.51408,-0.14485,30.4,4.65,2.04,3.56,-227.72,-6.34,-70.74,-134.02,-0.10658,0.34476,-0.329465
N35,H2O,0.54,15.62,80.1,0,87.12,-0.27896,0.0658,-0.609,-0.671,56.9827,-0.51408,-0.14485,30.4,4.65,2.04,3.56,-227.72,-7.05,-69.2,-135.03,-0.10658,0.34476,-0.329465
N36,DCM,0.52,16.5,8.93,0,101.15,-0.28568,0.07174,-0.433,-0.243,69.72,-0.50725,-0.12802,44.4,3.74,2.89,4.56,-232.03,-6.33,-61.25,-122.52,-0.10697,0.35742,-0.317635
N36,AN,0.52,16.8,37.5,0,101.15,-0.28568,0.07174,-0.433,-0.243,69.72,-0.50725,-0.12802,44.4,3.74,2.89,4.56,-232.03,-5.99,-66.53,-134.02,-0.10697,0.35742,-0.317635
N37,AN,0.45,23.05,37.5,0,59.11,-0.27796,0.067,-0.429,-0.145,47.107,-0.65264,-0.13997,36.4,3.73,2.91,3.28,-233.03,-3.32,-65.32,-134.02,-0.10548,0.34496,-0.396305
N38,AN,0.6,20.54,37.5,0,111.19,-0.26529,0.05462,-0.418,-0.587,81.6197,-0.536,-0.12515,38.1,5.81,2.92,3.33,-241.75,-6.06,-61.43,-134.02,-0.105335,0.31991,-0.330575
N39,AN,0.7,18.8,37.5,0,112.18,-0.24387,0.0586,-0.411,-0.421,78.3787,-0.45159,-0.1292,38.0,5.07,2.89,3.27,-237.91,-8.0,-64.94,-134.02,-0.092635,0.30247,-0.290395
NA01,H2O,0.52,12.47,80.1,1,94.09,-0.06606,0.19092,-0.562,-0.93,72.5333,-0.27885,-0.01494,29.3,5.8,1.77,3.78,-355.44,-65.72,-10.26,-135.03,0.06243,0.25698,-0.146895
NA01,AN,0.57,20.11,37.5,1,94.09,-0.06606,0.19092,-0.562,-0.93,72.5333,-0.27885,-0.01494,29.3,5.8,1.77,3.78,-355.44,-59.47,-11.31,-134.02,0.06243,0.25698,-0.146895
NA01,DMSO,0.6,19.91,46.7,1,94.09,-0.06606,0.19092,-0.562,-0.93,71.468,-0.27885,-0.01494,29.3,5.8,1.77,3.78,-355.44,-58.06,-10.34,-134.71,0.06243,0.25698,-0.146895
NA02,H2O,0.48,14.76,80.1,1,94.09,-0.07743,0.1994,-0.564,-0.876,71.468,-0.28134,0.01423,26.5,6.57,1.77,3.17,-343.62,-61.46,-14.86,-135.03,0.060985,0.27683,-0.133555
NA02,AN,0.49,20.22,37.5,1,94.09,-0.07743,0.1994,-0.564,-0.876,71.468,-0.28134,0.01423,26.5,6.57,1.77,3.17,-343.62,-55.82,-15.24,-134.02,0.060985,0.27683,-0.133555
NA02,DMSO,0.62,18.97,46.7,1,94.09,-0.07743,0.1994,-0.564,-0.876,71.468,-0.28134,0.01423,26.5,6.57,1.77,3.17,-343.62,-54.54,-14.25,-134.71,0.060985,0.27683,-0.133555
NA03,H2O,0.62,10.93,80.1,1,134.12,-0.10384,0.17484,-0.558,-0.87,94.3913,-0.27725,0.00882,27.1,7.31,1.77,5.25,-344.44,-64.81,-16.83,-135.03,0.0355,0.27868,-0.134215
NA03,DMSO,0.55,18.0,46.7,1,134.12,-0.10384,0.17484,-0.558,-0.87,94.3913,-0.27725,0.00882,27.1,7.31,1.77,5.25,-344.44,-62.57,-17.91,-134.71,0.0355,0.27868,-0.134215
NA04,H2O,0.65,10.77,80.1,1,150.12,-0.09366,0.15498,-0.503,-0.719,99.3663,-0.27361,0.00329,29.5,7.07,1.77,5.66,-344.44,-72.23,-24.75,-135.03,0.03066,0.24864,-0.13516
NA05,DMSO,0.55,19.13,46.7,1,117.13,-0.09246,0.1799,-0.571,-0.857,97.023,-0.28268,0.00815,28.0,6.24,1.77,5.37,-348.48,-58.39,-12.71,-134.71,0.04372,0.27236,-0.137265
NA06,H2O,0.67,11.52,80.1,1,118.12,-0.10479,0.16002,-0.361,-0.655,91.0687,-0.30093,-0.01662,26.2,6.27,1.58,5.23,-343.74,-59.8,-10.11,-135.03,0.027615,0.26481,-0.158775
NA06,DMSO,0.65,16.29,46.7,1,118.12,-0.10479,0.16002,-0.361,-0.655,91.0687,-0.30093,-0.01662,26.2,6.27,1.58,5.23,-343.74,-56.5,-8.89,-134.71,0.027615,0.26481,-0.158775
NA07,DMSO,0.55,17.52,46.7,1,99.07,-0.11769,0.20225,-0.689,-0.834,58.0707,-0.34613,0.02204,29.3,4.97,1.89,3.82,-350.78,-60.52,-14.36,-134.71,0.04228,0.31994,-0.162045
NA08,DMSO,0.76,14.87,46.7,1,96.07,-0.12105,0.13481,-0.696,-0.903,61.044,-0.35715,-0.06761,29.4,5.04,1.77,3.8,-349.94,-56.89,-10.31,-134.71,0.00688,0.25586,-0.21238
NA09,DMSO,0.66,16.03,46.7,1,98.08,-0.12494,0.20305,-0.669,-0.873,62.8777,-0.34411,0.01511,29.7,4.87,2.05,3.8,-350.61,-57.61,-12.11,-134.71,0.039055,0.32799,-0.1645
NA10,DMSO,0.67,15.52,46.7,1,146.13,-0.13384,0.11764,-0.662,-0.829,104.5863,-0.339,-0.05589,29.4,7.5,1.77,3.81,-347.62,-56.34,-11.32,-134.71,-0.0081,0.25148,-0.197445
NA11,AN,0.89,10.78,37.5,1,182.17,-0.15124,0.11271,-0.912,-0.666,111.154,-0.3514,-0.05181,32.3,7.76,2.2,3.97,-328.63,-55.71,-14.53,-134.02,-0.019265,0.26395,-0.201605
NA12,DMSO,0.51,21.09,46.7,1,67.07,-0.06092,0.27119,-0.576,-0.706,50.3627,-0.28862,0.05369,25.2,5.01,1.56,3.11,-357.89,-63.49,-11.25,-134.71,0.105135,0.33211,-0.117465
NA13,H2O,0.54,11.0,80.1,1,119.11,-0.11935,0.15733,-0.556,-0.797,84.992,-0.31424,-0.02061,27.0,6.18,1.77,5.25,-339.67,-61.03,-14.92,-135.03,0.01899,0.27668,-0.167425
NA13,DMSO,0.77,15.03,46.7,1,119.11,-0.11935,0.15733,-0.556,-0.797,84.992,-0.31424,-0.02061,27.0,6.18,1.77,5.25,-339.67,-58.36,-15.34,-134.71,0.01899,0.27668,-0.167425
NA14,H2O,0.51,11.17,80.1,1,126.12,-0.09494,0.17646,-0.625,-0.886,84.0417,-0.30417,-0.01063,28.9,6.51,1.87,4.52,-342.93,-61.38,-13.28,-135.03,0.04076,0.2714,-0.1574
NA14,DMSO,0.62,17.63,46.7,1,126.12,-0.09494,0.17646,-0.625,-0.886,84.0417,-0.30417,-0.01063,28.9,6.51,1.87,4.52,-342.93,-54.22,-14.51,-134.71,0.04076,0.2714,-0.1574
NA15,H2O,0.53,10.75,80.1,1,112.09,-0.10068,0.17762,-0.627,-0.912,70.6173,-0.31787,-0.01588,28.9,6.51,1.77,3.79,-341.28,-61.55,-13.9,-135.03,0.03847,0.2783,-0.166875
NA15,DMSO,0.63,17.04,46.7,1,112.09,-0.10068,0.17762,-0.627,-0.912,70.6173,-0.31787,-0.01588,28.9,6.51,1.77,3.79,-341.28,-54.64,-15.17,-134.71,0.03847,0.2783,-0.166875
NA16,H2O,0.71,10.06,80.1,1,181.18,-0.10398,0.17403,-0.483,-0.713,117.3297,-0.28256,-0.00564,29.8,1.9,1.9,6.46,-337.01,-58.34,-13.92,-135.03,0.035025,0.27801,-0.1441
NA16,DMSO,0.71,14.78,46.7,1,181.18,-0.10398,0.17403,-0.483,-0.713,117.3297,-0.28256,-0.00564,29.8,1.9,1.9,6.46,-337.01,-55.97,-16.82,-134.71,0.035025,0.27801,-0.1441
NA17,DMSO,0.71,15.7,46.7,1,112.03,-0.10141,0.25812,-0.886,-1.049,39.94,-0.37373,0.0223,28.7,4.44,1.55,4.97,-351.84,-53.89,-7.17,-134.71,0.078355,0.35953,-0.175715
NHC1,THF,0.4,23.35,7.58,0,306.45,-0.26724,0.02303,0.222,-0.782,261.801,-0.40432,-0.13479,48.7,4.94,4.39,8.28,-274.2,-18.12,-50.48,-119.28,-0.122105,0.29027,-0.269555
NHC2,THF,0.45,21.72,7.58,0,304.45,-0.27458,0.01963,0.109,-0.793,258.0777,-0.41164,-0.1288,47.2,4.97,4.46,8.3,-274.65,-18.69,-49.31,-119.28,-0.127475,0.29421,-0.27022
NHC3,THF,0.47,16.54,7.58,0,138.21,-0.26623,0.06434,0.073,-0.96,106.8777,-0.48087,-0.13393,39.7,4.99,2.71,5.57,-270.69,-12.49,-50.93,-119.28,-0.100945,0.33057,-0.3074
NHC4,THF,0.46,20.41,7.58,0,188.23,-0.26159,0.01711,0.087,-0.855,147.699,-0.40182,-0.14136,36.1,4.98,2.37,9.37,-269.34,-15.72,-51.97,-119.28,-0.12224,0.2787,-0.27159
NHC5,THF,0.46,23.0,7.58,0,218.26,-0.26172,0.02322,0.103,-0.814,160.562,-0.40091,-0.13024,39.8,4.98,3.14,7.06,-278.17,-18.18,-47.55,-119.28,-0.11925,0.28494,-0.265575
OA01,DMF,0.89,18.86,36.7,1,93.11,-0.0499,0.20207,-0.769,-0.804,78.4493,-0.28243,0.01986,23.8,5.39,1.52,5.86,-357.15,-56.66,-7.49,-134.08,0.076085,0.25197,-0.131285
OA01,DMSO,0.71,19.86,46.7,1,93.11,-0.0499,0.20207,-0.769,-0.804,78.4493,-0.28243,0.01986,23.8,5.39,1.52,5.86,-357.15,-56.19,-6.68,-134.71,0.076085,0.25197,-0.131285
OA01,AN,0.85,18.53,37.5,1,93.11,-0.0499,0.20207,-0.769,-0.804,78.4493,-0.28243,0.01986,23.8,5.39,1.52,5.86,-357.15,-57.79,-8.23,-134.02,0.076085,0.25197,-0.131285
OA02,DMF,0.82,19.9,36.7,1,123.14,-0.04325,0.18742,-0.781,-0.795,96.588,-0.25931,0.01817,23.8,5.39,1.52,8.25,-359.34,-56.48,-8.44,-134.08,0.072085,0.23067,-0.12057
OA02,DMSO,0.8,20.09,46.7,1,123.14,-0.04325,0.18742,-0.781,-0.795,96.588,-0.25931,0.01817,23.8,5.39,1.52,8.25,-359.34,-55.94,-7.56,-134.71,0.072085,0.23067,-0.12057
OA02,AN,0.69,20.62,37.5,1,123.14,-0.04325,0.18742,-0.781,-0.795,96.588,-0.25931,0.01817,23.8,5.39,1.52,8.25,-359.34,-57.66,-9.05,-134.02,0.072085,0.23067,-0.12057
OA03,DMF,0.8,19.9,36.7,1,149.22,-0.0537,0.16783,-0.765,-0.79,130.411,-0.27262,0.02074,23.8,6.11,1.52,8.37,-356.67,-55.41,-8.36,-134.08,0.057065,0.22153,-0.12594
OA03,DMSO,0.79,19.67,46.7,1,149.22,-0.0537,0.16783,-0.765,-0.79,130.411,-0.27262,0.02074,23.8,6.11,1.52,8.37,-356.67,-54.56,-7.17,-134.71,0.057065,0.22153,-0.12594
OA03,AN,0.58,21.7,37.5,1,149.22,-0.0537,0.16783,-0.765,-0.79,130.411,-0.27262,0.02074,23.8,6.11,1.52,8.37,-356.67,-56.79,-9.29,-134.02,0.057065,0.22153,-0.12594
OA04,DMF,0.85,19.65,36.7,1,107.14,-0.04745,0.19566,-0.771,-0.79,93.0813,-0.27239,0.02023,23.8,5.38,1.52,7.19,-358.27,-56.29,-7.63,-134.08,0.074105,0.24311,-0.12608
OA04,DMSO,0.87,19.08,46.7,1,107.14,-0.04745,0.19566,-0.771,-0.79,93.0813,-0.27239,0.02023,23.8,5.38,1.52,7.19,-358.27,-55.71,-6.7,-134.71,0.074105,0.24311,-0.12608
OA05,DMF,0.72,19.67,36.7,1,127.56,-0.06199,0.18297,-0.758,-0.783,90.9537,-0.28208,0.00549,23.8,5.4,1.52,7.21,-350.15,-52.5,-8.19,-134.08,0.06049,0.24496,-0.138295
OA05,DMSO,0.64,20.34,46.7,1,127.56,-0.06199,0.18297,-0.758,-0.783,90.9537,-0.28208,0.00549,23.8,5.4,1.52,7.21,-350.15,-51.94,-7.32,-134.71,0.06049,0.24496,-0.138295
OA05,AN,0.82,18.32,37.5,1,127.56,-0.06199,0.18297,-0.758,-0.783,90.9537,-0.28208,0.00549,23.8,5.4,1.52,7.21,-350.15,-53.5,-8.9,-134.02,0.06049,0.24496,-0.138295
OA06,DMF,0.71,17.85,36.7,1,118.12,-0.08616,0.16631,-0.717,-0.747,99.285,-0.30409,-0.01468,23.8,5.42,1.52,7.8,-337.88,-49.16,-10.59,-134.08,0.040075,0.25247,-0.159385
OA06,DMSO,0.57,18.78,46.7,1,118.12,-0.08616,0.16631,-0.717,-0.747,99.285,-0.30409,-0.01468,23.8,5.42,1.52,7.8,-337.88,-48.5,-9.66,-134.71,0.040075,0.25247,-0.159385
OA06,AN,0.59,19.58,37.5,1,118.12,-0.08616,0.16631,-0.717,-0.747,99.285,-0.30409,-0.01468,23.8,5.42,1.52,7.8,-337.88,-50.1,-11.5,-134.02,0.040075,0.25247,-0.159385
OA07,DMF,0.53,22.05,36.7,1,161.11,-0.07989,0.17873,-0.734,-0.761,92.1377,-0.30465,0.00047,23.8,5.41,1.52,7.64,-343.75,-48.54,-7.42,-134.08,0.04942,0.25862,-0.15209
OA07,DMSO,0.63,18.98,46.7,1,161.11,-0.07989,0.17873,-0.734,-0.761,92.1377,-0.30465,0.00047,23.8,5.41,1.52,7.64,-343.75,-47.88,-6.49,-134.71,0.04942,0.25862,-0.15209
OA07,AN,0.53,21.69,37.5,1,161.11,-0.07989,0.17873,-0.734,-0.761,92.1377,-0.30465,0.00047,23.8,5.41,1.52,7.64,-343.75,-49.53,-8.27,-134.02,0.04942,0.25862,-0.15209
OA08,ACN,0.69,18.39,37.5,1,161.1,-0.07249,0.1692,-0.748,-0.775,91.0353,-0.30136,-0.00527,26.5,6.97,1.52,6.01,-346.25,-50.47,-8.13,-134.02,0.048355,0.24169,-0.153315
OA08,DMSO,0.61,18.47,46.68,1,161.1,-0.07249,0.1692,-0.748,-0.775,91.0353,-0.30136,-0.00527,26.5,6.97,1.52,6.01,-346.25,-48.76,-6.34,-134.71,0.048355,0.24169,-0.153315
OA08,DMF,0.58,20.37,36.71,1,161.1,-0.07249,0.1692,-0.748,-0.775,91.0353,-0.30136,-0.00527,26.5,6.97,1.52,6.01,-346.25,-49.41,-7.28,-134.08,0.048355,0.24169,-0.153315
OA09,ACN,0.69,18.39,37.5,1,161.1,-0.07692,0.1716,-0.729,0.713,90.146,-0.30189,-0.0039,32.0,6.48,1.98,5.85,-343.63,-52.02,-8.73,-134.02,0.04734,0.24852,-0.152895
OA09,DMSO,0.61,18.47,46.68,1,161.1,-0.07692,0.1716,-0.729,0.713,90.146,-0.30189,-0.0039,32.0,6.48,1.98,5.85,-343.63,-50.29,-6.78,-134.71,0.04734,0.24852,-0.152895
OA09,DMF,0.58,20.37,36.71,1,161.1,-0.07692,0.1716,-0.729,0.713,90.146,-0.30189,-0.0039,32.0,6.48,1.98,5.85,-343.63,-50.94,-7.73,-134.08,0.04734,0.24852,-0.152895
OA10,ACN,0.43,25.51,37.5,1,138.1,-0.08255,0.09401,-0.741,-0.767,95.9867,-0.31177,-0.05521,26.4,6.98,1.52,5.84,-341.18,-49.42,-10.29,-134.02,0.00573,0.17656,-0.18349
OA10,DMSO,0.54,21.29,46.68,1,138.1,-0.08255,0.09401,-0.741,-0.767,95.9867,-0.31177,-0.05521,26.4,6.98,1.52,5.84,-341.18,-48.02,-8.82,-134.71,0.00573,0.17656,-0.18349
OA10,DMF,0.54,22.41,36.71,1,138.1,-0.08255,0.09401,-0.741,-0.767,95.9867,-0.31177,-0.05521,26.4,6.98,1.52,5.84,-341.18,-48.68,-9.74,-134.08,0.00573,0.17656,-0.18349
OA11,ACN,0.8,18.81,37.5,1,123.13,-0.05355,0.19631,-0.762,-0.788,95.459,-0.27535,0.02597,26.5,7.46,1.52,6.04,-355.61,-57.28,-9.08,-134.02,0.07138,0.24986,-0.12469
OA12,DMF,0.8,15.05,36.7,1,138.11,-0.09955,0.10926,-0.691,-0.711,105.3497,-0.31582,-0.0483,23.8,5.42,1.52,7.6,-333.31,-46.74,-10.0,-134.08,0.004855,0.20881,-0.18206
OA12,DMSO,0.77,14.32,46.7,1,138.11,-0.09955,0.10926,-0.691,-0.711,105.3497,-0.31582,-0.0483,23.8,5.42,1.52,7.6,-333.31,-46.07,-9.08,-134.71,0.004855,0.20881,-0.18206
OA12,AN,0.82,15.14,37.5,1,138.11,-0.09955,0.10926,-0.691,-0.711,105.3497,-0.31582,-0.0483,23.8,5.42,1.52,7.6,-333.31,-47.44,-10.55,-134.02,0.004855,0.20881,-0.18206
OA13,DMSO,0.59,21.02,46.68,1,205.32,-0.06756,0.18236,-0.814,-0.782,177.9637,-0.2698,0.02658,47.0,6.97,2.74,5.95,-343.17,-46.05,-6.26,-134.71,0.0574,0.24992,-0.12161
OA14,AN,0.75,16.9,37.5,1,59.05,-0.09818,0.24018,-0.8,-0.83,35.3567,-0.36255,0.04952,21.9,4.43,1.52,3.72,-356.3,-60.03,-6.02,-134.02,0.071,0.33836,-0.156515
OA15,AN,0.72,16.45,37.5,1,121.12,-0.12854,0.15036,-0.77,-0.728,86.8737,-0.32245,-0.02327,23.3,7.64,1.52,4.96,-347.76,-58.35,-8.46,-134.02,0.01091,0.2789,-0.17286
OA16,acetone,0.68,18.74,20.7,1,166.12,-0.15242,0.05379,-0.756,-0.717,106.1783,-0.35102,-0.07661,23.2,9.24,1.52,4.9,-335.35,-50.04,-10.43,-131.23,-0.049315,0.20621,-0.213815
OA16,AN,0.76,15.3,37.5,1,166.12,-0.15242,0.05379,-0.756,-0.717,106.1783,-0.35102,-0.07661,23.2,9.24,1.52,4.9,-335.35,-50.94,-10.02,-134.02,-0.049315,0.20621,-0.213815
OA17,acetone,0.62,18.8,20.7,1,211.12,-0.16856,0.0363,-0.745,-0.705,121.2173,-0.37963,-0.0894,23.2,8.65,1.52,6.63,-326.75,-46.76,-12.4,-131.23,-0.06613,0.20486,-0.234515
OA17,AN,0.71,14.9,37.5,1,211.12,-0.16856,0.0363,-0.745,-0.705,121.2173,-0.37963,-0.0894,23.2,8.65,1.52,6.63,-326.75,-47.32,-11.95,-134.02,-0.06613,0.20486,-0.234515
OA18,AN,0.64,16.03,37.5,1,75.05,-0.11692,0.23294,-0.775,-0.817,38.2407,-0.38195,0.05815,21.3,5.46,1.52,4.49,-348.35,-57.43,-5.49,-134.02,0.05801,0.34986,-0.1619
SA01,ACN,0.63,22.4,37.5,1,146.25,-0.06295,0.16825,-0.409,-0.598,113.5917,-0.26327,0.00606,31.3,7.15,1.8,5.75,-339.01,-59.47,-10.59,-134.02,0.05265,0.2312,-0.128605
SA02,ACN,0.57,23.84,37.5,1,160.27,-0.06453,0.16698,-0.393,-0.599,125.1513,-0.26369,0.00286,31.8,6.62,1.8,6.48,-337.81,-57.51,-10.4,-134.02,0.051225,0.23151,-0.130415
SA03,ACN,0.64,21.72,37.5,1,162.25,-0.06983,0.16724,-0.385,-0.566,118.3267,-0.27004,-0.00251,31.4,6.8,1.8,6.39,-334.41,-56.24,-10.99,-134.02,0.048705,0.23707,-0.136275
SA04,ACN,0.69,20.93,37.5,1,120.21,-0.06036,0.19033,-0.409,-0.603,92.9667,-0.26643,0.00331,31.6,5.92,1.8,5.4,-338.74,-57.62,-9.01,-134.02,0.064985,0.25069,-0.13156
SA05,ACN,0.69,19.3,37.5,1,121.19,-0.07132,0.17575,-0.334,-0.623,87.9217,-0.29031,-0.01773,28.5,6.23,1.8,5.66,-334.85,-55.49,-5.8,-134.02,0.052215,0.24707,-0.15402
SA06,ACN,0.63,21.2,37.5,1,75.11,-0.06112,0.22819,-0.571,-0.825,52.164,-0.33207,0.01552,27.2,4.59,1.8,4.54,-342.75,-57.18,-5.55,-134.02,0.083535,0.28931,-0.158275
SA07,ACN,0.59,20.11,37.5,1,141.16,-0.0777,0.14909,-1.066,-0.446,96.446,-0.33945,-0.02858,32.5,3.45,2.09,6.49,-330.96,-57.56,-10.5,-134.02,0.035695,0.22679,-0.184015
SA07,DMSO,0.6,19.6,46.68,1,141.16,-0.0777,0.14909,-1.066,-0.446,96.446,-0.33945,-0.02858,32.5,3.45,2.09,6.49,-330.96,-55.93,-9.97,-134.71,0.035695,0.22679,-0.184015
